INSERT INTO departamentos (id, nome) VALUES (1, 'Departamento de Ciências');
INSERT INTO departamentos (id, nome) VALUES (2, 'Departamento de Ciências');
INSERT INTO departamentos (id, nome) VALUES (3, 'Departamento de Humanidades');
INSERT INTO departamentos (id, nome) VALUES (4, 'Departamento de Engenharia');
INSERT INTO departamentos (id, nome) VALUES (5, 'Departamento de Engenharia');
INSERT INTO professores (id, nome, email, telefone, area_conhecimento, salario, departamento_id) VALUES (1, 'Maria Silva', 'maria.silva@gmail.com', '(41) 38908-3863', 'Redes', 8714.13, 1);
INSERT INTO professores (id, nome, email, telefone, area_conhecimento, salario, departamento_id) VALUES (2, 'Juliana Araújo', 'juliana.araújo@yahoo.com', '(51) 23511-6155', 'Bioética', 6116.17, 1);
INSERT INTO professores (id, nome, email, telefone, area_conhecimento, salario, departamento_id) VALUES (3, 'André Barbosa', 'andré.barbosa@gmail.com', '(71) 18495-9310', 'Cálculo', 10184.55, 1);
INSERT INTO professores (id, nome, email, telefone, area_conhecimento, salario, departamento_id) VALUES (4, 'Beatriz Souza', 'beatriz.souza@outlook.com', '(51) 75255-3419', 'Cálculo', 8273.12, 2);
INSERT INTO professores (id, nome, email, telefone, area_conhecimento, salario, departamento_id) VALUES (5, 'Juliana Moreira', 'juliana.moreira@outlook.com', '(51) 83503-0564', 'Algoritmos', 5687.86, 5);
INSERT INTO professores (id, nome, email, telefone, area_conhecimento, salario, departamento_id) VALUES (6, 'Rafael Costa', 'rafael.costa@outlook.com', '(71) 72423-8849', 'Redes', 11182.58, 4);
INSERT INTO professores (id, nome, email, telefone, area_conhecimento, salario, departamento_id) VALUES (7, 'Gabriela Rodrigues', 'gabriela.rodrigues@hotmail.com', '(91) 71012-2691', 'Redes', 7052.95, 4);
INSERT INTO professores (id, nome, email, telefone, area_conhecimento, salario, departamento_id) VALUES (8, 'Ricardo Almeida', 'ricardo.almeida@gmail.com', '(21) 84514-6270', 'História', 11775.1, 2);
INSERT INTO professores (id, nome, email, telefone, area_conhecimento, salario, departamento_id) VALUES (9, 'Ricardo Souza', 'ricardo.souza@yahoo.com', '(91) 93252-8809', 'História', 7908.85, 1);
INSERT INTO professores (id, nome, email, telefone, area_conhecimento, salario, departamento_id) VALUES (10, 'Gabriela Nascimento', 'gabriela.nascimento@hotmail.com', '(11) 39117-1822', 'Redes', 11574.79, 2);
INSERT INTO cursos (id, nome, departamento_id) VALUES (1, 'Ciência da Computação', 2);
INSERT INTO cursos (id, nome, departamento_id) VALUES (2, 'Engenharia Civil', 1);
INSERT INTO cursos (id, nome, departamento_id) VALUES (3, 'Medicina', 5);
INSERT INTO cursos (id, nome, departamento_id) VALUES (4, 'Direito', 1);
INSERT INTO cursos (id, nome, departamento_id) VALUES (5, 'Administração', 5);
INSERT INTO cursos (id, nome, departamento_id) VALUES (6, 'Matemática', 4);
INSERT INTO disciplinas (id, nome, carga_horaria, departamento_id) VALUES (1, 'Disciplina de Literatura II', 30, 3);
INSERT INTO disciplinas (id, nome, carga_horaria, departamento_id) VALUES (2, 'Disciplina de Geografia I', 90, 5);
INSERT INTO disciplinas (id, nome, carga_horaria, departamento_id) VALUES (3, 'Disciplina de Química II', 60, 3);
INSERT INTO disciplinas (id, nome, carga_horaria, departamento_id) VALUES (4, 'Disciplina de Química I', 30, 5);
INSERT INTO disciplinas (id, nome, carga_horaria, departamento_id) VALUES (5, 'Disciplina de Matemática II', 30, 2);
INSERT INTO disciplinas (id, nome, carga_horaria, departamento_id) VALUES (6, 'Disciplina de Literatura I', 90, 5);
INSERT INTO disciplinas (id, nome, carga_horaria, departamento_id) VALUES (7, 'Disciplina de Matemática I', 90, 2);
INSERT INTO disciplinas (id, nome, carga_horaria, departamento_id) VALUES (8, 'Disciplina de Física I', 30, 1);
INSERT INTO disciplinas (id, nome, carga_horaria, departamento_id) VALUES (9, 'Disciplina de Matemática I', 60, 3);
INSERT INTO disciplinas (id, nome, carga_horaria, departamento_id) VALUES (10, 'Disciplina de Física I', 90, 4);
INSERT INTO disciplinas (id, nome, carga_horaria, departamento_id) VALUES (11, 'Disciplina de Literatura II', 30, 5);
INSERT INTO disciplinas (id, nome, carga_horaria, departamento_id) VALUES (12, 'Disciplina de Química I', 30, 4);
INSERT INTO disciplinas (id, nome, carga_horaria, departamento_id) VALUES (13, 'Disciplina de Geografia II', 60, 1);
INSERT INTO disciplinas (id, nome, carga_horaria, departamento_id) VALUES (14, 'Disciplina de Química II', 90, 4);
INSERT INTO disciplinas (id, nome, carga_horaria, departamento_id) VALUES (15, 'Disciplina de Geografia I', 30, 1);
INSERT INTO disciplinas (id, nome, carga_horaria, departamento_id) VALUES (16, 'Disciplina de Geografia II', 30, 4);
INSERT INTO disciplinas (id, nome, carga_horaria, departamento_id) VALUES (17, 'Disciplina de Física I', 90, 2);
INSERT INTO disciplinas (id, nome, carga_horaria, departamento_id) VALUES (18, 'Disciplina de Física II', 30, 4);
INSERT INTO disciplinas (id, nome, carga_horaria, departamento_id) VALUES (19, 'Disciplina de Química I', 30, 3);
INSERT INTO disciplinas (id, nome, carga_horaria, departamento_id) VALUES (20, 'Disciplina de Literatura I', 30, 4);
INSERT INTO alunos (id, nome, email, telefone, nascimento, cpf, curso_id) VALUES (2, 'Pedro Barbosa', 'pedro.barbosa@hotmail.com', '(91) 42513-5427', '1998-04-28', 39856591828, 6);
INSERT INTO alunos (id, nome, email, telefone, nascimento, cpf, curso_id) VALUES (15, 'Carlos Araújo', 'carlos.araújo@hotmail.com', '(91) 49877-6945', '2004-03-08', 24756343432, 3);
INSERT INTO alunos (id, nome, email, telefone, nascimento, cpf, curso_id) VALUES (38, 'Lucas Lima', 'lucas.lima@outlook.com', '(41) 15851-4936', '1998-06-09', 66098217330, 2);
INSERT INTO alunos (id, nome, email, telefone, nascimento, cpf, curso_id) VALUES (50, 'João Oliveira', 'joão.oliveira@gmail.com', '(51) 32898-6143', '2003-02-19', 4741950521, 4);
INSERT INTO alunos (id, nome, email, telefone, nascimento, cpf, curso_id) VALUES (33, 'Gabriela Costa', 'gabriela.costa@outlook.com', '(81) 35158-5064', '2004-02-19', 98026903972, 5);
INSERT INTO alunos (id, nome, email, telefone, nascimento, cpf, curso_id) VALUES (3, 'Daniela Lima', 'daniela.lima@yahoo.com', '(51) 93534-8740', '2005-06-01', 42076275400, 6);
INSERT INTO alunos (id, nome, email, telefone, nascimento, cpf, curso_id) VALUES (44, 'Mariana Mendes', 'mariana.mendes@outlook.com', '(81) 98079-3597', '1999-02-05', 94889060795, 5);
INSERT INTO alunos (id, nome, email, telefone, nascimento, cpf, curso_id) VALUES (18, 'Fernanda Lima', 'fernanda.lima@outlook.com', '(21) 09477-7520', '2002-08-21', 10456189025, 4);
INSERT INTO alunos (id, nome, email, telefone, nascimento, cpf, curso_id) VALUES (4, 'Carlos Barbosa', 'carlos.barbosa@gmail.com', '(61) 98262-0450', '2002-01-05', 66358979217, 2);
INSERT INTO alunos (id, nome, email, telefone, nascimento, cpf, curso_id) VALUES (24, 'André Souza', 'andré.souza@hotmail.com', '(81) 48467-7378', '2004-10-07', 15710783720, 6);
INSERT INTO alunos (id, nome, email, telefone, nascimento, cpf, curso_id) VALUES (8, 'Gustavo Mendes', 'gustavo.mendes@yahoo.com', '(81) 77387-2148', '1996-06-03', 60923810967, 4);
INSERT INTO alunos (id, nome, email, telefone, nascimento, cpf, curso_id) VALUES (46, 'Luiz Lima', 'luiz.lima@gmail.com', '(51) 86528-1685', '2006-10-18', 39371912755, 6);
INSERT INTO alunos (id, nome, email, telefone, nascimento, cpf, curso_id) VALUES (31, 'Luiz Barbosa', 'luiz.barbosa@yahoo.com', '(21) 60481-7549', '2000-05-31', 91208592089, 3);
INSERT INTO alunos (id, nome, email, telefone, nascimento, cpf, curso_id) VALUES (12, 'Luiz Pereira', 'luiz.pereira@outlook.com', '(31) 98069-9016', '2004-08-28', 12343829484, 6);
INSERT INTO alunos (id, nome, email, telefone, nascimento, cpf, curso_id) VALUES (35, 'Patrícia Moreira', 'patrícia.moreira@yahoo.com', '(91) 91783-9084', '1999-05-29', 90446490060, 3);
INSERT INTO alunos (id, nome, email, telefone, nascimento, cpf, curso_id) VALUES (19, 'Mariana Mendes', 'mariana.mendes@hotmail.com', '(91) 67749-6499', '2006-06-13', 90762025146, 4);
INSERT INTO alunos (id, nome, email, telefone, nascimento, cpf, curso_id) VALUES (43, 'Pedro Pereira', 'pedro.pereira@outlook.com', '(81) 99799-5527', '2005-08-24', 43205340808, 1);
INSERT INTO alunos (id, nome, email, telefone, nascimento, cpf, curso_id) VALUES (6, 'Daniela Carvalho', 'daniela.carvalho@gmail.com', '(21) 42940-1965', '1995-11-15', 49181045869, 6);
INSERT INTO alunos (id, nome, email, telefone, nascimento, cpf, curso_id) VALUES (23, 'Daniela Moreira', 'daniela.moreira@outlook.com', '(11) 38597-7034', '1999-02-15', 94619621550, 1);
INSERT INTO alunos (id, nome, email, telefone, nascimento, cpf, curso_id) VALUES (49, 'Beatriz Moreira', 'beatriz.moreira@yahoo.com', '(11) 60685-3615', '2004-04-07', 30731094874, 5);
INSERT INTO alunos (id, nome, email, telefone, nascimento, cpf, curso_id) VALUES (48, 'Gustavo Moreira', 'gustavo.moreira@outlook.com', '(51) 68862-3924', '2006-05-28', 43975101458, 1);
INSERT INTO alunos (id, nome, email, telefone, nascimento, cpf, curso_id) VALUES (37, 'Gabriela Lima', 'gabriela.lima@outlook.com', '(21) 11161-5280', '1997-07-10', 56489490231, 5);
INSERT INTO alunos (id, nome, email, telefone, nascimento, cpf, curso_id) VALUES (11, 'Camila Santos', 'camila.santos@hotmail.com', '(71) 69096-7054', '1994-10-07', 89475622403, 6);
INSERT INTO alunos (id, nome, email, telefone, nascimento, cpf, curso_id) VALUES (10, 'Ricardo Araújo', 'ricardo.araújo@outlook.com', '(31) 77434-8734', '2000-03-14', 72380131243, 4);
INSERT INTO alunos (id, nome, email, telefone, nascimento, cpf, curso_id) VALUES (5, 'Camila Silva', 'camila.silva@hotmail.com', '(61) 63421-6073', '2003-08-30', 38826320735, 6);
INSERT INTO alunos (id, nome, email, telefone, nascimento, cpf, curso_id) VALUES (45, 'Juliana Gomes', 'juliana.gomes@yahoo.com', '(51) 66590-5151', '1998-05-11', 32896106936, 6);
INSERT INTO alunos (id, nome, email, telefone, nascimento, cpf, curso_id) VALUES (21, 'Luiz Almeida', 'luiz.almeida@outlook.com', '(81) 19065-9401', '2003-05-12', 85996207469, 2);
INSERT INTO alunos (id, nome, email, telefone, nascimento, cpf, curso_id) VALUES (28, 'Mariana Rodrigues', 'mariana.rodrigues@outlook.com', '(31) 37474-0748', '2005-03-15', 43564281342, 5);
INSERT INTO alunos (id, nome, email, telefone, nascimento, cpf, curso_id) VALUES (42, 'Camila Cardoso', 'camila.cardoso@outlook.com', '(91) 16453-5218', '1997-02-24', 51739611211, 6);
INSERT INTO alunos (id, nome, email, telefone, nascimento, cpf, curso_id) VALUES (27, 'Rafael Ribeiro', 'rafael.ribeiro@gmail.com', '(21) 34316-1172', '1995-11-22', 90723155710, 4);
INSERT INTO alunos (id, nome, email, telefone, nascimento, cpf, curso_id) VALUES (14, 'Gustavo Silva', 'gustavo.silva@yahoo.com', '(71) 63193-1491', '1994-07-09', 73435388196, 4);
INSERT INTO alunos (id, nome, email, telefone, nascimento, cpf, curso_id) VALUES (34, 'Lucas Cardoso', 'lucas.cardoso@hotmail.com', '(41) 52904-2284', '1995-01-25', 18137502141, 1);
INSERT INTO alunos (id, nome, email, telefone, nascimento, cpf, curso_id) VALUES (29, 'Gabriela Cardoso', 'gabriela.cardoso@yahoo.com', '(51) 06409-0974', '1994-12-28', 63666768696, 3);
INSERT INTO alunos (id, nome, email, telefone, nascimento, cpf, curso_id) VALUES (36, 'Mariana Cardoso', 'mariana.cardoso@yahoo.com', '(71) 98478-9611', '1996-05-25', 85848483733, 3);
INSERT INTO alunos (id, nome, email, telefone, nascimento, cpf, curso_id) VALUES (25, 'Fernanda Cardoso', 'fernanda.cardoso@outlook.com', '(31) 78755-8867', '2002-01-16', 92384349397, 6);
INSERT INTO alunos (id, nome, email, telefone, nascimento, cpf, curso_id) VALUES (22, 'Gustavo Araújo', 'gustavo.araújo@outlook.com', '(21) 75655-1256', '1995-08-14', 29854339459, 6);
INSERT INTO alunos (id, nome, email, telefone, nascimento, cpf, curso_id) VALUES (26, 'Carlos Ribeiro', 'carlos.ribeiro@gmail.com', '(31) 89517-1870', '1996-02-10', 46149366888, 4);
INSERT INTO alunos (id, nome, email, telefone, nascimento, cpf, curso_id) VALUES (1, 'Beatriz Martins', 'beatriz.martins@gmail.com', '(41) 99091-6998', '2001-12-10', 27236237049, 1);
INSERT INTO alunos (id, nome, email, telefone, nascimento, cpf, curso_id) VALUES (20, 'Fernanda Santos', 'fernanda.santos@hotmail.com', '(51) 47134-9361', '1998-12-29', 69801375216, 6);
INSERT INTO alunos (id, nome, email, telefone, nascimento, cpf, curso_id) VALUES (9, 'Camila Cardoso', 'camila.cardoso@hotmail.com', '(71) 76320-1632', '1994-05-03', 50284869598, 5);
INSERT INTO alunos (id, nome, email, telefone, nascimento, cpf, curso_id) VALUES (7, 'Lucas Gomes', 'lucas.gomes@outlook.com', '(21) 59514-8465', '2000-05-01', 21496963502, 4);
INSERT INTO alunos (id, nome, email, telefone, nascimento, cpf, curso_id) VALUES (30, 'André Santos', 'andré.santos@yahoo.com', '(31) 14562-3285', '1998-08-10', 98284873191, 2);
INSERT INTO alunos (id, nome, email, telefone, nascimento, cpf, curso_id) VALUES (13, 'Daniela Santos', 'daniela.santos@yahoo.com', '(41) 10033-0923', '2004-08-22', 65267167189, 1);
INSERT INTO alunos (id, nome, email, telefone, nascimento, cpf, curso_id) VALUES (40, 'Camila Almeida', 'camila.almeida@hotmail.com', '(91) 15614-9784', '2006-12-30', 35032123071, 4);
INSERT INTO alunos (id, nome, email, telefone, nascimento, cpf, curso_id) VALUES (39, 'Gustavo Martins', 'gustavo.martins@gmail.com', '(31) 01836-6752', '2001-11-14', 77500166264, 4);
INSERT INTO alunos (id, nome, email, telefone, nascimento, cpf, curso_id) VALUES (32, 'Camila Souza', 'camila.souza@hotmail.com', '(11) 04711-3826', '1999-10-16', 67947140449, 1);
INSERT INTO alunos (id, nome, email, telefone, nascimento, cpf, curso_id) VALUES (41, 'Daniela Rodrigues', 'daniela.rodrigues@yahoo.com', '(21) 60607-1596', '1997-09-28', 74103868908, 2);
INSERT INTO alunos (id, nome, email, telefone, nascimento, cpf, curso_id) VALUES (47, 'Ricardo Santos', 'ricardo.santos@yahoo.com', '(31) 96222-9270', '2000-10-18', 62427453848, 3);
INSERT INTO alunos (id, nome, email, telefone, nascimento, cpf, curso_id) VALUES (16, 'Mariana Almeida', 'mariana.almeida@gmail.com', '(91) 31367-8377', '2000-04-14', 2635454737, 3);
INSERT INTO alunos (id, nome, email, telefone, nascimento, cpf, curso_id) VALUES (17, 'Fernanda Almeida', 'fernanda.almeida@hotmail.com', '(21) 35182-3374', '1995-06-27', 95211210529, 5);
INSERT INTO curso_disciplina (curso_id, disciplina_id) VALUES (1, 18);
INSERT INTO curso_disciplina (curso_id, disciplina_id) VALUES (1, 1);
INSERT INTO curso_disciplina (curso_id, disciplina_id) VALUES (1, 3);
INSERT INTO curso_disciplina (curso_id, disciplina_id) VALUES (1, 8);
INSERT INTO curso_disciplina (curso_id, disciplina_id) VALUES (1, 6);
INSERT INTO curso_disciplina (curso_id, disciplina_id) VALUES (1, 7);
INSERT INTO curso_disciplina (curso_id, disciplina_id) VALUES (1, 17);
INSERT INTO curso_disciplina (curso_id, disciplina_id) VALUES (1, 14);
INSERT INTO curso_disciplina (curso_id, disciplina_id) VALUES (1, 4);
INSERT INTO curso_disciplina (curso_id, disciplina_id) VALUES (1, 15);
INSERT INTO curso_disciplina (curso_id, disciplina_id) VALUES (2, 6);
INSERT INTO curso_disciplina (curso_id, disciplina_id) VALUES (2, 13);
INSERT INTO curso_disciplina (curso_id, disciplina_id) VALUES (2, 1);
INSERT INTO curso_disciplina (curso_id, disciplina_id) VALUES (2, 19);
INSERT INTO curso_disciplina (curso_id, disciplina_id) VALUES (2, 9);
INSERT INTO curso_disciplina (curso_id, disciplina_id) VALUES (3, 10);
INSERT INTO curso_disciplina (curso_id, disciplina_id) VALUES (3, 14);
INSERT INTO curso_disciplina (curso_id, disciplina_id) VALUES (3, 18);
INSERT INTO curso_disciplina (curso_id, disciplina_id) VALUES (3, 16);
INSERT INTO curso_disciplina (curso_id, disciplina_id) VALUES (3, 5);
INSERT INTO curso_disciplina (curso_id, disciplina_id) VALUES (3, 4);
INSERT INTO curso_disciplina (curso_id, disciplina_id) VALUES (3, 17);
INSERT INTO curso_disciplina (curso_id, disciplina_id) VALUES (3, 15);
INSERT INTO curso_disciplina (curso_id, disciplina_id) VALUES (4, 19);
INSERT INTO curso_disciplina (curso_id, disciplina_id) VALUES (4, 18);
INSERT INTO curso_disciplina (curso_id, disciplina_id) VALUES (4, 2);
INSERT INTO curso_disciplina (curso_id, disciplina_id) VALUES (4, 11);
INSERT INTO curso_disciplina (curso_id, disciplina_id) VALUES (4, 20);
INSERT INTO curso_disciplina (curso_id, disciplina_id) VALUES (5, 19);
INSERT INTO curso_disciplina (curso_id, disciplina_id) VALUES (5, 16);
INSERT INTO curso_disciplina (curso_id, disciplina_id) VALUES (5, 17);
INSERT INTO curso_disciplina (curso_id, disciplina_id) VALUES (5, 18);
INSERT INTO curso_disciplina (curso_id, disciplina_id) VALUES (5, 6);
INSERT INTO curso_disciplina (curso_id, disciplina_id) VALUES (6, 17);
INSERT INTO curso_disciplina (curso_id, disciplina_id) VALUES (6, 3);
INSERT INTO curso_disciplina (curso_id, disciplina_id) VALUES (6, 6);
INSERT INTO curso_disciplina (curso_id, disciplina_id) VALUES (6, 19);
INSERT INTO curso_disciplina (curso_id, disciplina_id) VALUES (6, 20);
INSERT INTO hist_escolar (aluno_id, disciplina_id, professor_id, semestre, ano, nota, situacao) VALUES (1, 20, 7, '1/2022', 2022, 2.4, 'Reprovado');
INSERT INTO hist_escolar (aluno_id, disciplina_id, professor_id, semestre, ano, nota, situacao) VALUES (1, 14, 6, '2/2022', 2022, 6.6, 'Aprovado');
INSERT INTO hist_escolar (aluno_id, disciplina_id, professor_id, semestre, ano, nota, situacao) VALUES (2, 12, 6, '1/2022', 2022, 9.5, 'Aprovado');
INSERT INTO hist_escolar (aluno_id, disciplina_id, professor_id, semestre, ano, nota, situacao) VALUES (2, 18, 6, '2/2022', 2022, 3.9, 'Reprovado');
INSERT INTO hist_escolar (aluno_id, disciplina_id, professor_id, semestre, ano, nota, situacao) VALUES (2, 16, 6, '1/2023', 2023, 6.4, 'Aprovado');
INSERT INTO hist_escolar (aluno_id, disciplina_id, professor_id, semestre, ano, nota, situacao) VALUES (2, 12, 7, '2/2023', 2023, 7.5, 'Aprovado');
INSERT INTO hist_escolar (aluno_id, disciplina_id, professor_id, semestre, ano, nota, situacao) VALUES (2, 12, 6, '1/2024', 2024, 3.4, 'Reprovado');
INSERT INTO hist_escolar (aluno_id, disciplina_id, professor_id, semestre, ano, nota, situacao) VALUES (2, 4, 5, '2/2024', 2024, 1.3, 'Reprovado');
INSERT INTO hist_escolar (aluno_id, disciplina_id, professor_id, semestre, ano, nota, situacao) VALUES (2, 12, 7, '2/2024', 2024, 8.1, 'Aprovado');
INSERT INTO hist_escolar (aluno_id, disciplina_id, professor_id, semestre, ano, nota, situacao) VALUES (3, 15, 9, '1/2022', 2022, 6.3, 'Aprovado');
INSERT INTO hist_escolar (aluno_id, disciplina_id, professor_id, semestre, ano, nota, situacao) VALUES (3, 5, 4, '2/2022', 2022, 7.2, 'Aprovado');
INSERT INTO hist_escolar (aluno_id, disciplina_id, professor_id, semestre, ano, nota, situacao) VALUES (3, 15, 1, '1/2023', 2023, 2.9, 'Reprovado');
INSERT INTO hist_escolar (aluno_id, disciplina_id, professor_id, semestre, ano, nota, situacao) VALUES (3, 2, 5, '2/2023', 2023, 8.9, 'Aprovado');
INSERT INTO hist_escolar (aluno_id, disciplina_id, professor_id, semestre, ano, nota, situacao) VALUES (4, 10, 7, '1/2022', 2022, 9.9, 'Aprovado');
INSERT INTO hist_escolar (aluno_id, disciplina_id, professor_id, semestre, ano, nota, situacao) VALUES (4, 18, 7, '2/2022', 2022, 2.5, 'Reprovado');
INSERT INTO hist_escolar (aluno_id, disciplina_id, professor_id, semestre, ano, nota, situacao) VALUES (4, 7, 8, '1/2023', 2023, 3.6, 'Reprovado');
INSERT INTO hist_escolar (aluno_id, disciplina_id, professor_id, semestre, ano, nota, situacao) VALUES (4, 2, 5, '2/2023', 2023, 2.7, 'Reprovado');
INSERT INTO hist_escolar (aluno_id, disciplina_id, professor_id, semestre, ano, nota, situacao) VALUES (4, 12, 7, '1/2024', 2024, 8.9, 'Aprovado');
INSERT INTO hist_escolar (aluno_id, disciplina_id, professor_id, semestre, ano, nota, situacao) VALUES (5, 15, 9, '1/2022', 2022, 3.4, 'Reprovado');
INSERT INTO hist_escolar (aluno_id, disciplina_id, professor_id, semestre, ano, nota, situacao) VALUES (5, 6, 5, '2/2022', 2022, 6.9, 'Aprovado');
INSERT INTO hist_escolar (aluno_id, disciplina_id, professor_id, semestre, ano, nota, situacao) VALUES (5, 12, 7, '1/2023', 2023, 8.0, 'Aprovado');
INSERT INTO hist_escolar (aluno_id, disciplina_id, professor_id, semestre, ano, nota, situacao) VALUES (5, 14, 6, '2/2023', 2023, 4.3, 'Reprovado');
INSERT INTO hist_escolar (aluno_id, disciplina_id, professor_id, semestre, ano, nota, situacao) VALUES (5, 6, 5, '1/2024', 2024, 3.2, 'Reprovado');
INSERT INTO hist_escolar (aluno_id, disciplina_id, professor_id, semestre, ano, nota, situacao) VALUES (5, 11, 5, '2/2024', 2024, 3.1, 'Reprovado');
INSERT INTO hist_escolar (aluno_id, disciplina_id, professor_id, semestre, ano, nota, situacao) VALUES (5, 20, 7, '2/2024', 2024, 1.7, 'Reprovado');
INSERT INTO hist_escolar (aluno_id, disciplina_id, professor_id, semestre, ano, nota, situacao) VALUES (6, 12, 7, '1/2022', 2022, 0.4, 'Reprovado');
INSERT INTO hist_escolar (aluno_id, disciplina_id, professor_id, semestre, ano, nota, situacao) VALUES (6, 12, 7, '2/2022', 2022, 2.7, 'Reprovado');
INSERT INTO hist_escolar (aluno_id, disciplina_id, professor_id, semestre, ano, nota, situacao) VALUES (6, 2, 5, '1/2023', 2023, 6.7, 'Aprovado');
INSERT INTO hist_escolar (aluno_id, disciplina_id, professor_id, semestre, ano, nota, situacao) VALUES (6, 13, 3, '2/2023', 2023, 5.1, 'Reprovado');
INSERT INTO hist_escolar (aluno_id, disciplina_id, professor_id, semestre, ano, nota, situacao) VALUES (6, 6, 5, '1/2024', 2024, 1.4, 'Reprovado');
INSERT INTO hist_escolar (aluno_id, disciplina_id, professor_id, semestre, ano, nota, situacao) VALUES (6, 20, 7, '2/2024', 2024, 0.3, 'Reprovado');
INSERT INTO hist_escolar (aluno_id, disciplina_id, professor_id, semestre, ano, nota, situacao) VALUES (7, 8, 3, '1/2022', 2022, 3.6, 'Reprovado');
INSERT INTO hist_escolar (aluno_id, disciplina_id, professor_id, semestre, ano, nota, situacao) VALUES (7, 2, 5, '1/2023', 2023, 6.8, 'Aprovado');
INSERT INTO hist_escolar (aluno_id, disciplina_id, professor_id, semestre, ano, nota, situacao) VALUES (8, 12, 7, '1/2022', 2022, 7.6, 'Aprovado');
INSERT INTO hist_escolar (aluno_id, disciplina_id, professor_id, semestre, ano, nota, situacao) VALUES (8, 5, 10, '1/2023', 2023, 3.7, 'Reprovado');
INSERT INTO hist_escolar (aluno_id, disciplina_id, professor_id, semestre, ano, nota, situacao) VALUES (8, 11, 5, '2/2023', 2023, 2.5, 'Reprovado');
INSERT INTO hist_escolar (aluno_id, disciplina_id, professor_id, semestre, ano, nota, situacao) VALUES (8, 4, 5, '1/2024', 2024, 7.4, 'Aprovado');
INSERT INTO hist_escolar (aluno_id, disciplina_id, professor_id, semestre, ano, nota, situacao) VALUES (9, 17, 8, '1/2022', 2022, 9.1, 'Aprovado');
INSERT INTO hist_escolar (aluno_id, disciplina_id, professor_id, semestre, ano, nota, situacao) VALUES (9, 4, 5, '2/2022', 2022, 7.7, 'Aprovado');
INSERT INTO hist_escolar (aluno_id, disciplina_id, professor_id, semestre, ano, nota, situacao) VALUES (9, 15, 2, '1/2023', 2023, 10.0, 'Aprovado');
INSERT INTO hist_escolar (aluno_id, disciplina_id, professor_id, semestre, ano, nota, situacao) VALUES (9, 10, 7, '2/2023', 2023, 2.0, 'Reprovado');
INSERT INTO hist_escolar (aluno_id, disciplina_id, professor_id, semestre, ano, nota, situacao) VALUES (9, 5, 4, '1/2024', 2024, 4.5, 'Reprovado');
INSERT INTO hist_escolar (aluno_id, disciplina_id, professor_id, semestre, ano, nota, situacao) VALUES (9, 15, 1, '2/2024', 2024, 8.1, 'Aprovado');
INSERT INTO hist_escolar (aluno_id, disciplina_id, professor_id, semestre, ano, nota, situacao) VALUES (10, 12, 6, '1/2022', 2022, 5.5, 'Reprovado');
INSERT INTO hist_escolar (aluno_id, disciplina_id, professor_id, semestre, ano, nota, situacao) VALUES (10, 10, 7, '2/2022', 2022, 8.5, 'Aprovado');
INSERT INTO hist_escolar (aluno_id, disciplina_id, professor_id, semestre, ano, nota, situacao) VALUES (10, 6, 5, '1/2023', 2023, 5.1, 'Reprovado');
INSERT INTO hist_escolar (aluno_id, disciplina_id, professor_id, semestre, ano, nota, situacao) VALUES (10, 4, 5, '2/2023', 2023, 7.9, 'Aprovado');
INSERT INTO hist_escolar (aluno_id, disciplina_id, professor_id, semestre, ano, nota, situacao) VALUES (10, 8, 9, '1/2024', 2024, 0.3, 'Reprovado');
INSERT INTO hist_escolar (aluno_id, disciplina_id, professor_id, semestre, ano, nota, situacao) VALUES (11, 12, 7, '2/2022', 2022, 8.0, 'Aprovado');
INSERT INTO hist_escolar (aluno_id, disciplina_id, professor_id, semestre, ano, nota, situacao) VALUES (11, 18, 6, '1/2023', 2023, 6.1, 'Aprovado');
INSERT INTO hist_escolar (aluno_id, disciplina_id, professor_id, semestre, ano, nota, situacao) VALUES (11, 10, 7, '2/2024', 2024, 10.0, 'Aprovado');
INSERT INTO hist_escolar (aluno_id, disciplina_id, professor_id, semestre, ano, nota, situacao) VALUES (11, 16, 7, '2/2024', 2024, 7.7, 'Aprovado');
INSERT INTO hist_escolar (aluno_id, disciplina_id, professor_id, semestre, ano, nota, situacao) VALUES (12, 5, 8, '2/2022', 2022, 6.4, 'Aprovado');
INSERT INTO hist_escolar (aluno_id, disciplina_id, professor_id, semestre, ano, nota, situacao) VALUES (12, 15, 9, '1/2023', 2023, 6.8, 'Aprovado');
INSERT INTO hist_escolar (aluno_id, disciplina_id, professor_id, semestre, ano, nota, situacao) VALUES (12, 12, 6, '2/2023', 2023, 8.8, 'Aprovado');
INSERT INTO hist_escolar (aluno_id, disciplina_id, professor_id, semestre, ano, nota, situacao) VALUES (12, 18, 6, '1/2024', 2024, 7.7, 'Aprovado');
INSERT INTO hist_escolar (aluno_id, disciplina_id, professor_id, semestre, ano, nota, situacao) VALUES (12, 5, 8, '2/2024', 2024, 5.0, 'Reprovado');
INSERT INTO hist_escolar (aluno_id, disciplina_id, professor_id, semestre, ano, nota, situacao) VALUES (12, 2, 5, '2/2024', 2024, 5.2, 'Reprovado');
INSERT INTO hist_escolar (aluno_id, disciplina_id, professor_id, semestre, ano, nota, situacao) VALUES (13, 6, 5, '1/2022', 2022, 3.2, 'Reprovado');
INSERT INTO hist_escolar (aluno_id, disciplina_id, professor_id, semestre, ano, nota, situacao) VALUES (13, 8, 3, '2/2022', 2022, 9.5, 'Aprovado');
INSERT INTO hist_escolar (aluno_id, disciplina_id, professor_id, semestre, ano, nota, situacao) VALUES (13, 17, 8, '1/2023', 2023, 8.5, 'Aprovado');
INSERT INTO hist_escolar (aluno_id, disciplina_id, professor_id, semestre, ano, nota, situacao) VALUES (13, 7, 10, '1/2024', 2024, 9.6, 'Aprovado');
INSERT INTO hist_escolar (aluno_id, disciplina_id, professor_id, semestre, ano, nota, situacao) VALUES (14, 5, 10, '1/2022', 2022, 3.0, 'Reprovado');
INSERT INTO hist_escolar (aluno_id, disciplina_id, professor_id, semestre, ano, nota, situacao) VALUES (14, 18, 6, '2/2022', 2022, 5.0, 'Reprovado');
INSERT INTO hist_escolar (aluno_id, disciplina_id, professor_id, semestre, ano, nota, situacao) VALUES (14, 6, 5, '1/2023', 2023, 1.7, 'Reprovado');
INSERT INTO hist_escolar (aluno_id, disciplina_id, professor_id, semestre, ano, nota, situacao) VALUES (14, 20, 7, '2/2023', 2023, 8.4, 'Aprovado');
INSERT INTO hist_escolar (aluno_id, disciplina_id, professor_id, semestre, ano, nota, situacao) VALUES (15, 2, 5, '1/2023', 2023, 6.5, 'Aprovado');
INSERT INTO hist_escolar (aluno_id, disciplina_id, professor_id, semestre, ano, nota, situacao) VALUES (16, 14, 6, '1/2022', 2022, 5.0, 'Reprovado');
INSERT INTO hist_escolar (aluno_id, disciplina_id, professor_id, semestre, ano, nota, situacao) VALUES (16, 18, 7, '2/2022', 2022, 6.4, 'Aprovado');
INSERT INTO hist_escolar (aluno_id, disciplina_id, professor_id, semestre, ano, nota, situacao) VALUES (16, 10, 7, '1/2023', 2023, 2.4, 'Reprovado');
INSERT INTO hist_escolar (aluno_id, disciplina_id, professor_id, semestre, ano, nota, situacao) VALUES (16, 13, 3, '2/2023', 2023, 4.5, 'Reprovado');
INSERT INTO hist_escolar (aluno_id, disciplina_id, professor_id, semestre, ano, nota, situacao) VALUES (16, 2, 5, '1/2024', 2024, 4.4, 'Reprovado');
INSERT INTO hist_escolar (aluno_id, disciplina_id, professor_id, semestre, ano, nota, situacao) VALUES (16, 16, 7, '2/2024', 2024, 2.0, 'Reprovado');
INSERT INTO hist_escolar (aluno_id, disciplina_id, professor_id, semestre, ano, nota, situacao) VALUES (16, 20, 6, '2/2024', 2024, 3.1, 'Reprovado');
INSERT INTO hist_escolar (aluno_id, disciplina_id, professor_id, semestre, ano, nota, situacao) VALUES (17, 11, 5, '1/2022', 2022, 9.8, 'Aprovado');
INSERT INTO hist_escolar (aluno_id, disciplina_id, professor_id, semestre, ano, nota, situacao) VALUES (17, 5, 8, '2/2022', 2022, 5.1, 'Reprovado');
INSERT INTO hist_escolar (aluno_id, disciplina_id, professor_id, semestre, ano, nota, situacao) VALUES (17, 4, 5, '1/2023', 2023, 2.4, 'Reprovado');
INSERT INTO hist_escolar (aluno_id, disciplina_id, professor_id, semestre, ano, nota, situacao) VALUES (17, 4, 5, '2/2023', 2023, 4.5, 'Reprovado');
INSERT INTO hist_escolar (aluno_id, disciplina_id, professor_id, semestre, ano, nota, situacao) VALUES (17, 5, 4, '1/2024', 2024, 0.5, 'Reprovado');
INSERT INTO hist_escolar (aluno_id, disciplina_id, professor_id, semestre, ano, nota, situacao) VALUES (17, 13, 9, '2/2024', 2024, 2.5, 'Reprovado');
INSERT INTO hist_escolar (aluno_id, disciplina_id, professor_id, semestre, ano, nota, situacao) VALUES (17, 6, 5, '2/2024', 2024, 9.3, 'Aprovado');
INSERT INTO hist_escolar (aluno_id, disciplina_id, professor_id, semestre, ano, nota, situacao) VALUES (17, 11, 5, '2/2024', 2024, 7.6, 'Aprovado');
INSERT INTO hist_escolar (aluno_id, disciplina_id, professor_id, semestre, ano, nota, situacao) VALUES (18, 17, 8, '1/2022', 2022, 5.0, 'Reprovado');
INSERT INTO hist_escolar (aluno_id, disciplina_id, professor_id, semestre, ano, nota, situacao) VALUES (18, 10, 7, '2/2022', 2022, 0.2, 'Reprovado');
INSERT INTO hist_escolar (aluno_id, disciplina_id, professor_id, semestre, ano, nota, situacao) VALUES (18, 13, 9, '1/2023', 2023, 9.7, 'Aprovado');
INSERT INTO hist_escolar (aluno_id, disciplina_id, professor_id, semestre, ano, nota, situacao) VALUES (18, 7, 10, '2/2023', 2023, 3.5, 'Reprovado');
INSERT INTO hist_escolar (aluno_id, disciplina_id, professor_id, semestre, ano, nota, situacao) VALUES (18, 2, 5, '1/2024', 2024, 4.9, 'Reprovado');
INSERT INTO hist_escolar (aluno_id, disciplina_id, professor_id, semestre, ano, nota, situacao) VALUES (18, 16, 7, '2/2024', 2024, 5.4, 'Reprovado');
INSERT INTO hist_escolar (aluno_id, disciplina_id, professor_id, semestre, ano, nota, situacao) VALUES (19, 14, 6, '1/2022', 2022, 8.8, 'Aprovado');
INSERT INTO hist_escolar (aluno_id, disciplina_id, professor_id, semestre, ano, nota, situacao) VALUES (19, 12, 7, '2/2022', 2022, 3.7, 'Reprovado');
INSERT INTO hist_escolar (aluno_id, disciplina_id, professor_id, semestre, ano, nota, situacao) VALUES (19, 13, 1, '1/2023', 2023, 5.7, 'Reprovado');
INSERT INTO hist_escolar (aluno_id, disciplina_id, professor_id, semestre, ano, nota, situacao) VALUES (20, 12, 7, '1/2022', 2022, 0.7, 'Reprovado');
INSERT INTO hist_escolar (aluno_id, disciplina_id, professor_id, semestre, ano, nota, situacao) VALUES (20, 17, 8, '2/2022', 2022, 7.6, 'Aprovado');
INSERT INTO hist_escolar (aluno_id, disciplina_id, professor_id, semestre, ano, nota, situacao) VALUES (20, 20, 6, '2/2023', 2023, 1.3, 'Reprovado');
INSERT INTO hist_escolar (aluno_id, disciplina_id, professor_id, semestre, ano, nota, situacao) VALUES (21, 13, 3, '1/2022', 2022, 7.9, 'Aprovado');
INSERT INTO hist_escolar (aluno_id, disciplina_id, professor_id, semestre, ano, nota, situacao) VALUES (21, 11, 5, '2/2022', 2022, 7.5, 'Aprovado');
INSERT INTO hist_escolar (aluno_id, disciplina_id, professor_id, semestre, ano, nota, situacao) VALUES (21, 7, 10, '1/2023', 2023, 5.1, 'Reprovado');
INSERT INTO hist_escolar (aluno_id, disciplina_id, professor_id, semestre, ano, nota, situacao) VALUES (22, 2, 5, '1/2022', 2022, 0.4, 'Reprovado');
INSERT INTO hist_escolar (aluno_id, disciplina_id, professor_id, semestre, ano, nota, situacao) VALUES (22, 11, 5, '2/2022', 2022, 5.2, 'Reprovado');
INSERT INTO hist_escolar (aluno_id, disciplina_id, professor_id, semestre, ano, nota, situacao) VALUES (22, 5, 10, '1/2023', 2023, 8.9, 'Aprovado');
INSERT INTO hist_escolar (aluno_id, disciplina_id, professor_id, semestre, ano, nota, situacao) VALUES (22, 5, 8, '2/2023', 2023, 9.3, 'Aprovado');
INSERT INTO hist_escolar (aluno_id, disciplina_id, professor_id, semestre, ano, nota, situacao) VALUES (22, 11, 5, '1/2024', 2024, 3.9, 'Reprovado');
INSERT INTO hist_escolar (aluno_id, disciplina_id, professor_id, semestre, ano, nota, situacao) VALUES (22, 20, 7, '2/2024', 2024, 5.9, 'Reprovado');
INSERT INTO hist_escolar (aluno_id, disciplina_id, professor_id, semestre, ano, nota, situacao) VALUES (22, 17, 10, '2/2024', 2024, 5.3, 'Reprovado');
INSERT INTO hist_escolar (aluno_id, disciplina_id, professor_id, semestre, ano, nota, situacao) VALUES (23, 10, 7, '2/2022', 2022, 8.2, 'Aprovado');
INSERT INTO hist_escolar (aluno_id, disciplina_id, professor_id, semestre, ano, nota, situacao) VALUES (23, 12, 7, '1/2023', 2023, 6.7, 'Aprovado');
INSERT INTO hist_escolar (aluno_id, disciplina_id, professor_id, semestre, ano, nota, situacao) VALUES (23, 14, 7, '2/2023', 2023, 8.0, 'Aprovado');
INSERT INTO hist_escolar (aluno_id, disciplina_id, professor_id, semestre, ano, nota, situacao) VALUES (23, 20, 7, '2/2024', 2024, 2.7, 'Reprovado');
INSERT INTO hist_escolar (aluno_id, disciplina_id, professor_id, semestre, ano, nota, situacao) VALUES (24, 2, 5, '1/2022', 2022, 1.7, 'Reprovado');
INSERT INTO hist_escolar (aluno_id, disciplina_id, professor_id, semestre, ano, nota, situacao) VALUES (24, 20, 7, '2/2022', 2022, 1.5, 'Reprovado');
INSERT INTO hist_escolar (aluno_id, disciplina_id, professor_id, semestre, ano, nota, situacao) VALUES (24, 8, 1, '1/2023', 2023, 5.7, 'Reprovado');
INSERT INTO hist_escolar (aluno_id, disciplina_id, professor_id, semestre, ano, nota, situacao) VALUES (24, 4, 5, '2/2023', 2023, 0.2, 'Reprovado');
INSERT INTO hist_escolar (aluno_id, disciplina_id, professor_id, semestre, ano, nota, situacao) VALUES (25, 14, 6, '1/2022', 2022, 4.1, 'Reprovado');
INSERT INTO hist_escolar (aluno_id, disciplina_id, professor_id, semestre, ano, nota, situacao) VALUES (25, 7, 8, '2/2022', 2022, 5.0, 'Reprovado');
INSERT INTO hist_escolar (aluno_id, disciplina_id, professor_id, semestre, ano, nota, situacao) VALUES (25, 20, 7, '1/2023', 2023, 8.7, 'Aprovado');
INSERT INTO hist_escolar (aluno_id, disciplina_id, professor_id, semestre, ano, nota, situacao) VALUES (25, 2, 5, '2/2023', 2023, 5.2, 'Reprovado');
INSERT INTO hist_escolar (aluno_id, disciplina_id, professor_id, semestre, ano, nota, situacao) VALUES (25, 18, 7, '1/2024', 2024, 10.0, 'Aprovado');
INSERT INTO hist_escolar (aluno_id, disciplina_id, professor_id, semestre, ano, nota, situacao) VALUES (26, 17, 8, '1/2022', 2022, 3.1, 'Reprovado');
INSERT INTO hist_escolar (aluno_id, disciplina_id, professor_id, semestre, ano, nota, situacao) VALUES (26, 6, 5, '2/2022', 2022, 9.1, 'Aprovado');
INSERT INTO hist_escolar (aluno_id, disciplina_id, professor_id, semestre, ano, nota, situacao) VALUES (26, 11, 5, '1/2023', 2023, 6.8, 'Aprovado');
INSERT INTO hist_escolar (aluno_id, disciplina_id, professor_id, semestre, ano, nota, situacao) VALUES (26, 20, 7, '1/2024', 2024, 1.9, 'Reprovado');
INSERT INTO hist_escolar (aluno_id, disciplina_id, professor_id, semestre, ano, nota, situacao) VALUES (26, 8, 3, '2/2024', 2024, 5.6, 'Reprovado');
INSERT INTO hist_escolar (aluno_id, disciplina_id, professor_id, semestre, ano, nota, situacao) VALUES (27, 10, 7, '1/2022', 2022, 7.0, 'Aprovado');
INSERT INTO hist_escolar (aluno_id, disciplina_id, professor_id, semestre, ano, nota, situacao) VALUES (27, 16, 7, '2/2022', 2022, 4.8, 'Reprovado');
INSERT INTO hist_escolar (aluno_id, disciplina_id, professor_id, semestre, ano, nota, situacao) VALUES (27, 18, 7, '1/2023', 2023, 2.9, 'Reprovado');
INSERT INTO hist_escolar (aluno_id, disciplina_id, professor_id, semestre, ano, nota, situacao) VALUES (28, 18, 7, '1/2022', 2022, 9.0, 'Aprovado');
INSERT INTO hist_escolar (aluno_id, disciplina_id, professor_id, semestre, ano, nota, situacao) VALUES (28, 13, 3, '2/2022', 2022, 9.5, 'Aprovado');
INSERT INTO hist_escolar (aluno_id, disciplina_id, professor_id, semestre, ano, nota, situacao) VALUES (28, 5, 8, '1/2023', 2023, 0.4, 'Reprovado');
INSERT INTO hist_escolar (aluno_id, disciplina_id, professor_id, semestre, ano, nota, situacao) VALUES (28, 12, 7, '1/2024', 2024, 6.6, 'Aprovado');
INSERT INTO hist_escolar (aluno_id, disciplina_id, professor_id, semestre, ano, nota, situacao) VALUES (28, 16, 6, '2/2024', 2024, 2.0, 'Reprovado');
INSERT INTO hist_escolar (aluno_id, disciplina_id, professor_id, semestre, ano, nota, situacao) VALUES (28, 18, 7, '2/2024', 2024, 9.3, 'Aprovado');
INSERT INTO hist_escolar (aluno_id, disciplina_id, professor_id, semestre, ano, nota, situacao) VALUES (29, 4, 5, '1/2022', 2022, 2.4, 'Reprovado');
INSERT INTO hist_escolar (aluno_id, disciplina_id, professor_id, semestre, ano, nota, situacao) VALUES (29, 17, 4, '2/2022', 2022, 6.4, 'Aprovado');
INSERT INTO hist_escolar (aluno_id, disciplina_id, professor_id, semestre, ano, nota, situacao) VALUES (29, 2, 5, '1/2023', 2023, 4.1, 'Reprovado');
INSERT INTO hist_escolar (aluno_id, disciplina_id, professor_id, semestre, ano, nota, situacao) VALUES (29, 16, 6, '2/2023', 2023, 6.8, 'Aprovado');
INSERT INTO hist_escolar (aluno_id, disciplina_id, professor_id, semestre, ano, nota, situacao) VALUES (30, 18, 6, '2/2022', 2022, 4.1, 'Reprovado');
INSERT INTO hist_escolar (aluno_id, disciplina_id, professor_id, semestre, ano, nota, situacao) VALUES (30, 16, 7, '1/2023', 2023, 6.5, 'Aprovado');
INSERT INTO hist_escolar (aluno_id, disciplina_id, professor_id, semestre, ano, nota, situacao) VALUES (30, 10, 7, '2/2023', 2023, 2.9, 'Reprovado');
INSERT INTO hist_escolar (aluno_id, disciplina_id, professor_id, semestre, ano, nota, situacao) VALUES (31, 8, 1, '1/2023', 2023, 9.1, 'Aprovado');
INSERT INTO hist_escolar (aluno_id, disciplina_id, professor_id, semestre, ano, nota, situacao) VALUES (32, 14, 6, '1/2022', 2022, 9.3, 'Aprovado');
INSERT INTO hist_escolar (aluno_id, disciplina_id, professor_id, semestre, ano, nota, situacao) VALUES (32, 2, 5, '2/2022', 2022, 7.9, 'Aprovado');
INSERT INTO hist_escolar (aluno_id, disciplina_id, professor_id, semestre, ano, nota, situacao) VALUES (32, 6, 5, '1/2023', 2023, 8.8, 'Aprovado');
INSERT INTO hist_escolar (aluno_id, disciplina_id, professor_id, semestre, ano, nota, situacao) VALUES (33, 20, 6, '2/2022', 2022, 9.3, 'Aprovado');
INSERT INTO hist_escolar (aluno_id, disciplina_id, professor_id, semestre, ano, nota, situacao) VALUES (33, 11, 5, '1/2023', 2023, 4.5, 'Reprovado');
INSERT INTO hist_escolar (aluno_id, disciplina_id, professor_id, semestre, ano, nota, situacao) VALUES (33, 18, 7, '2/2023', 2023, 8.9, 'Aprovado');
INSERT INTO hist_escolar (aluno_id, disciplina_id, professor_id, semestre, ano, nota, situacao) VALUES (33, 5, 10, '1/2024', 2024, 4.7, 'Reprovado');
INSERT INTO hist_escolar (aluno_id, disciplina_id, professor_id, semestre, ano, nota, situacao) VALUES (34, 4, 5, '1/2022', 2022, 1.6, 'Reprovado');
INSERT INTO hist_escolar (aluno_id, disciplina_id, professor_id, semestre, ano, nota, situacao) VALUES (34, 15, 3, '2/2022', 2022, 7.2, 'Aprovado');
INSERT INTO hist_escolar (aluno_id, disciplina_id, professor_id, semestre, ano, nota, situacao) VALUES (34, 11, 5, '2/2023', 2023, 5.7, 'Reprovado');
INSERT INTO hist_escolar (aluno_id, disciplina_id, professor_id, semestre, ano, nota, situacao) VALUES (35, 6, 5, '1/2022', 2022, 8.3, 'Aprovado');
INSERT INTO hist_escolar (aluno_id, disciplina_id, professor_id, semestre, ano, nota, situacao) VALUES (35, 17, 8, '2/2022', 2022, 0.9, 'Reprovado');
INSERT INTO hist_escolar (aluno_id, disciplina_id, professor_id, semestre, ano, nota, situacao) VALUES (35, 4, 5, '1/2023', 2023, 9.8, 'Aprovado');
INSERT INTO hist_escolar (aluno_id, disciplina_id, professor_id, semestre, ano, nota, situacao) VALUES (35, 16, 7, '2/2023', 2023, 9.4, 'Aprovado');
INSERT INTO hist_escolar (aluno_id, disciplina_id, professor_id, semestre, ano, nota, situacao) VALUES (36, 13, 2, '2/2022', 2022, 4.5, 'Reprovado');
INSERT INTO hist_escolar (aluno_id, disciplina_id, professor_id, semestre, ano, nota, situacao) VALUES (37, 10, 6, '1/2022', 2022, 2.6, 'Reprovado');
INSERT INTO hist_escolar (aluno_id, disciplina_id, professor_id, semestre, ano, nota, situacao) VALUES (37, 12, 6, '2/2022', 2022, 0.6, 'Reprovado');
INSERT INTO hist_escolar (aluno_id, disciplina_id, professor_id, semestre, ano, nota, situacao) VALUES (37, 4, 5, '1/2023', 2023, 3.1, 'Reprovado');
INSERT INTO hist_escolar (aluno_id, disciplina_id, professor_id, semestre, ano, nota, situacao) VALUES (37, 13, 3, '2/2023', 2023, 6.9, 'Aprovado');
INSERT INTO hist_escolar (aluno_id, disciplina_id, professor_id, semestre, ano, nota, situacao) VALUES (37, 10, 7, '1/2024', 2024, 6.1, 'Aprovado');
INSERT INTO hist_escolar (aluno_id, disciplina_id, professor_id, semestre, ano, nota, situacao) VALUES (38, 5, 8, '1/2022', 2022, 1.5, 'Reprovado');
INSERT INTO hist_escolar (aluno_id, disciplina_id, professor_id, semestre, ano, nota, situacao) VALUES (38, 20, 7, '2/2022', 2022, 4.2, 'Reprovado');
INSERT INTO hist_escolar (aluno_id, disciplina_id, professor_id, semestre, ano, nota, situacao) VALUES (38, 18, 7, '1/2023', 2023, 7.6, 'Aprovado');
INSERT INTO hist_escolar (aluno_id, disciplina_id, professor_id, semestre, ano, nota, situacao) VALUES (38, 7, 4, '2/2023', 2023, 6.8, 'Aprovado');
INSERT INTO hist_escolar (aluno_id, disciplina_id, professor_id, semestre, ano, nota, situacao) VALUES (39, 17, 8, '2/2022', 2022, 5.3, 'Reprovado');
INSERT INTO hist_escolar (aluno_id, disciplina_id, professor_id, semestre, ano, nota, situacao) VALUES (39, 12, 6, '1/2023', 2023, 9.2, 'Aprovado');
INSERT INTO hist_escolar (aluno_id, disciplina_id, professor_id, semestre, ano, nota, situacao) VALUES (39, 4, 5, '2/2023', 2023, 8.3, 'Aprovado');
INSERT INTO hist_escolar (aluno_id, disciplina_id, professor_id, semestre, ano, nota, situacao) VALUES (39, 17, 4, '1/2024', 2024, 5.7, 'Reprovado');
INSERT INTO hist_escolar (aluno_id, disciplina_id, professor_id, semestre, ano, nota, situacao) VALUES (39, 5, 4, '2/2024', 2024, 3.3, 'Reprovado');
INSERT INTO hist_escolar (aluno_id, disciplina_id, professor_id, semestre, ano, nota, situacao) VALUES (39, 17, 8, '2/2024', 2024, 1.2, 'Reprovado');
INSERT INTO hist_escolar (aluno_id, disciplina_id, professor_id, semestre, ano, nota, situacao) VALUES (40, 16, 6, '2/2022', 2022, 9.0, 'Aprovado');
INSERT INTO hist_escolar (aluno_id, disciplina_id, professor_id, semestre, ano, nota, situacao) VALUES (40, 15, 1, '1/2023', 2023, 4.5, 'Reprovado');
INSERT INTO hist_escolar (aluno_id, disciplina_id, professor_id, semestre, ano, nota, situacao) VALUES (40, 17, 8, '2/2023', 2023, 4.6, 'Reprovado');
INSERT INTO hist_escolar (aluno_id, disciplina_id, professor_id, semestre, ano, nota, situacao) VALUES (41, 18, 7, '1/2022', 2022, 6.7, 'Aprovado');
INSERT INTO hist_escolar (aluno_id, disciplina_id, professor_id, semestre, ano, nota, situacao) VALUES (41, 10, 6, '2/2022', 2022, 4.0, 'Reprovado');
INSERT INTO hist_escolar (aluno_id, disciplina_id, professor_id, semestre, ano, nota, situacao) VALUES (42, 7, 10, '1/2022', 2022, 0.7, 'Reprovado');
INSERT INTO hist_escolar (aluno_id, disciplina_id, professor_id, semestre, ano, nota, situacao) VALUES (42, 14, 7, '2/2022', 2022, 7.0, 'Aprovado');
INSERT INTO hist_escolar (aluno_id, disciplina_id, professor_id, semestre, ano, nota, situacao) VALUES (42, 18, 6, '1/2023', 2023, 9.3, 'Aprovado');
INSERT INTO hist_escolar (aluno_id, disciplina_id, professor_id, semestre, ano, nota, situacao) VALUES (42, 16, 6, '1/2024', 2024, 2.9, 'Reprovado');
INSERT INTO hist_escolar (aluno_id, disciplina_id, professor_id, semestre, ano, nota, situacao) VALUES (42, 6, 5, '2/2024', 2024, 7.7, 'Aprovado');
INSERT INTO hist_escolar (aluno_id, disciplina_id, professor_id, semestre, ano, nota, situacao) VALUES (42, 14, 7, '2/2024', 2024, 9.9, 'Aprovado');
INSERT INTO hist_escolar (aluno_id, disciplina_id, professor_id, semestre, ano, nota, situacao) VALUES (42, 13, 9, '2/2024', 2024, 8.7, 'Aprovado');
INSERT INTO hist_escolar (aluno_id, disciplina_id, professor_id, semestre, ano, nota, situacao) VALUES (43, 13, 1, '1/2022', 2022, 6.8, 'Aprovado');
INSERT INTO hist_escolar (aluno_id, disciplina_id, professor_id, semestre, ano, nota, situacao) VALUES (43, 18, 6, '2/2022', 2022, 6.5, 'Aprovado');
INSERT INTO hist_escolar (aluno_id, disciplina_id, professor_id, semestre, ano, nota, situacao) VALUES (43, 12, 6, '1/2023', 2023, 1.8, 'Reprovado');
INSERT INTO hist_escolar (aluno_id, disciplina_id, professor_id, semestre, ano, nota, situacao) VALUES (43, 18, 7, '2/2023', 2023, 5.3, 'Reprovado');
INSERT INTO hist_escolar (aluno_id, disciplina_id, professor_id, semestre, ano, nota, situacao) VALUES (43, 8, 1, '1/2024', 2024, 7.6, 'Aprovado');
INSERT INTO hist_escolar (aluno_id, disciplina_id, professor_id, semestre, ano, nota, situacao) VALUES (43, 10, 7, '2/2024', 2024, 6.7, 'Aprovado');
INSERT INTO hist_escolar (aluno_id, disciplina_id, professor_id, semestre, ano, nota, situacao) VALUES (44, 14, 7, '1/2022', 2022, 8.2, 'Aprovado');
INSERT INTO hist_escolar (aluno_id, disciplina_id, professor_id, semestre, ano, nota, situacao) VALUES (44, 8, 9, '2/2022', 2022, 3.5, 'Reprovado');
INSERT INTO hist_escolar (aluno_id, disciplina_id, professor_id, semestre, ano, nota, situacao) VALUES (44, 7, 10, '2/2023', 2023, 7.7, 'Aprovado');
INSERT INTO hist_escolar (aluno_id, disciplina_id, professor_id, semestre, ano, nota, situacao) VALUES (44, 2, 5, '1/2024', 2024, 6.1, 'Aprovado');
INSERT INTO hist_escolar (aluno_id, disciplina_id, professor_id, semestre, ano, nota, situacao) VALUES (44, 8, 2, '2/2024', 2024, 0.7, 'Reprovado');
INSERT INTO hist_escolar (aluno_id, disciplina_id, professor_id, semestre, ano, nota, situacao) VALUES (45, 2, 5, '1/2022', 2022, 6.0, 'Aprovado');
INSERT INTO hist_escolar (aluno_id, disciplina_id, professor_id, semestre, ano, nota, situacao) VALUES (45, 2, 5, '2/2022', 2022, 7.4, 'Aprovado');
INSERT INTO hist_escolar (aluno_id, disciplina_id, professor_id, semestre, ano, nota, situacao) VALUES (45, 13, 9, '1/2023', 2023, 2.3, 'Reprovado');
INSERT INTO hist_escolar (aluno_id, disciplina_id, professor_id, semestre, ano, nota, situacao) VALUES (45, 7, 4, '2/2023', 2023, 1.4, 'Reprovado');
INSERT INTO hist_escolar (aluno_id, disciplina_id, professor_id, semestre, ano, nota, situacao) VALUES (45, 10, 6, '1/2024', 2024, 8.2, 'Aprovado');
INSERT INTO hist_escolar (aluno_id, disciplina_id, professor_id, semestre, ano, nota, situacao) VALUES (45, 11, 5, '2/2024', 2024, 2.4, 'Reprovado');
INSERT INTO hist_escolar (aluno_id, disciplina_id, professor_id, semestre, ano, nota, situacao) VALUES (46, 17, 4, '1/2022', 2022, 4.1, 'Reprovado');
INSERT INTO hist_escolar (aluno_id, disciplina_id, professor_id, semestre, ano, nota, situacao) VALUES (46, 2, 5, '1/2023', 2023, 6.3, 'Aprovado');
INSERT INTO hist_escolar (aluno_id, disciplina_id, professor_id, semestre, ano, nota, situacao) VALUES (46, 14, 7, '2/2023', 2023, 0.5, 'Reprovado');
INSERT INTO hist_escolar (aluno_id, disciplina_id, professor_id, semestre, ano, nota, situacao) VALUES (47, 13, 3, '1/2022', 2022, 7.0, 'Aprovado');
INSERT INTO hist_escolar (aluno_id, disciplina_id, professor_id, semestre, ano, nota, situacao) VALUES (47, 14, 6, '2/2022', 2022, 3.0, 'Reprovado');
INSERT INTO hist_escolar (aluno_id, disciplina_id, professor_id, semestre, ano, nota, situacao) VALUES (47, 6, 5, '1/2023', 2023, 2.4, 'Reprovado');
INSERT INTO hist_escolar (aluno_id, disciplina_id, professor_id, semestre, ano, nota, situacao) VALUES (47, 8, 3, '2/2023', 2023, 8.6, 'Aprovado');
INSERT INTO hist_escolar (aluno_id, disciplina_id, professor_id, semestre, ano, nota, situacao) VALUES (47, 5, 8, '1/2024', 2024, 9.1, 'Aprovado');
INSERT INTO hist_escolar (aluno_id, disciplina_id, professor_id, semestre, ano, nota, situacao) VALUES (48, 14, 7, '1/2022', 2022, 5.6, 'Reprovado');
INSERT INTO hist_escolar (aluno_id, disciplina_id, professor_id, semestre, ano, nota, situacao) VALUES (48, 5, 8, '2/2022', 2022, 2.4, 'Reprovado');
INSERT INTO hist_escolar (aluno_id, disciplina_id, professor_id, semestre, ano, nota, situacao) VALUES (48, 7, 8, '1/2023', 2023, 6.5, 'Aprovado');
INSERT INTO hist_escolar (aluno_id, disciplina_id, professor_id, semestre, ano, nota, situacao) VALUES (48, 15, 3, '2/2023', 2023, 0.9, 'Reprovado');
INSERT INTO hist_escolar (aluno_id, disciplina_id, professor_id, semestre, ano, nota, situacao) VALUES (48, 7, 4, '1/2024', 2024, 2.7, 'Reprovado');
INSERT INTO hist_escolar (aluno_id, disciplina_id, professor_id, semestre, ano, nota, situacao) VALUES (48, 20, 6, '2/2024', 2024, 8.7, 'Aprovado');
INSERT INTO hist_escolar (aluno_id, disciplina_id, professor_id, semestre, ano, nota, situacao) VALUES (48, 7, 10, '2/2024', 2024, 7.2, 'Aprovado');
INSERT INTO hist_escolar (aluno_id, disciplina_id, professor_id, semestre, ano, nota, situacao) VALUES (49, 7, 8, '1/2022', 2022, 2.1, 'Reprovado');
INSERT INTO hist_escolar (aluno_id, disciplina_id, professor_id, semestre, ano, nota, situacao) VALUES (49, 11, 5, '2/2022', 2022, 9.6, 'Aprovado');
INSERT INTO hist_escolar (aluno_id, disciplina_id, professor_id, semestre, ano, nota, situacao) VALUES (49, 7, 4, '2/2023', 2023, 9.6, 'Aprovado');
INSERT INTO hist_escolar (aluno_id, disciplina_id, professor_id, semestre, ano, nota, situacao) VALUES (49, 4, 5, '1/2024', 2024, 9.1, 'Aprovado');
INSERT INTO hist_escolar (aluno_id, disciplina_id, professor_id, semestre, ano, nota, situacao) VALUES (49, 20, 6, '2/2024', 2024, 4.0, 'Reprovado');
INSERT INTO hist_escolar (aluno_id, disciplina_id, professor_id, semestre, ano, nota, situacao) VALUES (49, 8, 3, '2/2024', 2024, 7.8, 'Aprovado');
INSERT INTO hist_escolar (aluno_id, disciplina_id, professor_id, semestre, ano, nota, situacao) VALUES (50, 15, 3, '1/2022', 2022, 3.1, 'Reprovado');
INSERT INTO hist_escolar (aluno_id, disciplina_id, professor_id, semestre, ano, nota, situacao) VALUES (50, 12, 7, '2/2022', 2022, 4.7, 'Reprovado');
INSERT INTO hist_escolar (aluno_id, disciplina_id, professor_id, semestre, ano, nota, situacao) VALUES (50, 16, 7, '1/2023', 2023, 9.1, 'Aprovado');
INSERT INTO hist_escolar (aluno_id, disciplina_id, professor_id, semestre, ano, nota, situacao) VALUES (50, 12, 7, '2/2023', 2023, 4.1, 'Reprovado');
INSERT INTO hist_escolar (aluno_id, disciplina_id, professor_id, semestre, ano, nota, situacao) VALUES (50, 8, 2, '2/2024', 2024, 0.2, 'Reprovado');
INSERT INTO tccs (id, titulo, professor_id, data_inicio, data_conclusao, nota, status) VALUES (1, 'Análise sobre Banco de Dados em Sistemas Distribuídos', 5, '2024-08-29', '2024-11-21', 8.3, 'Concluído');
INSERT INTO tccs (id, titulo, professor_id, data_inicio, data_conclusao, nota, status) VALUES (2, 'Análise sobre Algoritmos em Educação', 5, '2024-08-14', NULL, NULL, 'Em Andamento');
INSERT INTO tccs (id, titulo, professor_id, data_inicio, data_conclusao, nota, status) VALUES (3, 'Análise sobre Sistemas em Saúde', 10, '2024-09-05', NULL, NULL, 'Em Andamento');
INSERT INTO tccs (id, titulo, professor_id, data_inicio, data_conclusao, nota, status) VALUES (4, 'Análise sobre Redes em Saúde', 4, '2024-09-01', NULL, NULL, 'Em Andamento');
INSERT INTO tccs (id, titulo, professor_id, data_inicio, data_conclusao, nota, status) VALUES (5, 'Análise sobre Algoritmos em Ambientes Web', 5, '2024-09-29', NULL, NULL, 'Em Andamento');
INSERT INTO tccs (id, titulo, professor_id, data_inicio, data_conclusao, nota, status) VALUES (6, 'Análise sobre IA em Saúde', 4, '2024-09-13', NULL, NULL, 'Em Andamento');
INSERT INTO tccs (id, titulo, professor_id, data_inicio, data_conclusao, nota, status) VALUES (7, 'Análise sobre Redes em Ambientes Web', 5, '2024-08-24', NULL, NULL, 'Em Andamento');
INSERT INTO tccs (id, titulo, professor_id, data_inicio, data_conclusao, nota, status) VALUES (8, 'Análise sobre Algoritmos em Saúde', 6, '2024-05-03', '2024-07-02', 8.1, 'Concluído');
INSERT INTO tccs (id, titulo, professor_id, data_inicio, data_conclusao, nota, status) VALUES (9, 'Análise sobre IA em Educação', 1, '2024-06-03', NULL, NULL, 'Em Andamento');
INSERT INTO tccs (id, titulo, professor_id, data_inicio, data_conclusao, nota, status) VALUES (10, 'Análise sobre IA em Sistemas Distribuídos', 7, '2024-08-18', '2024-11-19', 7.0, 'Concluído');
INSERT INTO tccs (id, titulo, professor_id, data_inicio, data_conclusao, nota, status) VALUES (11, 'Análise sobre Sistemas em Ambientes Web', 8, '2024-07-15', NULL, NULL, 'Em Andamento');
INSERT INTO tccs (id, titulo, professor_id, data_inicio, data_conclusao, nota, status) VALUES (12, 'Análise sobre Redes em Educação', 2, '2024-04-26', NULL, NULL, 'Em Andamento');
INSERT INTO tccs (id, titulo, professor_id, data_inicio, data_conclusao, nota, status) VALUES (13, 'Análise sobre IA em Ambientes Web', 6, '2024-04-22', '2024-07-22', 9.4, 'Concluído');
INSERT INTO tccs (id, titulo, professor_id, data_inicio, data_conclusao, nota, status) VALUES (14, 'Análise sobre Redes em Sistemas Distribuídos', 7, '2024-04-24', NULL, NULL, 'Em Andamento');
INSERT INTO tccs (id, titulo, professor_id, data_inicio, data_conclusao, nota, status) VALUES (15, 'Análise sobre Banco de Dados em Ambientes Web', 5, '2024-09-03', NULL, NULL, 'Em Andamento');
INSERT INTO tccs (id, titulo, professor_id, data_inicio, data_conclusao, nota, status) VALUES (16, 'Análise sobre Algoritmos em Sistemas Distribuídos', 1, '2024-05-26', NULL, NULL, 'Em Andamento');
INSERT INTO tccs (id, titulo, professor_id, data_inicio, data_conclusao, nota, status) VALUES (17, 'Análise sobre Sistemas em Sistemas Distribuídos', 7, '2024-04-25', NULL, NULL, 'Em Andamento');
INSERT INTO tccs (id, titulo, professor_id, data_inicio, data_conclusao, nota, status) VALUES (18, 'Análise sobre Banco de Dados em Saúde', 5, '2024-06-15', '2024-09-18', 9.8, 'Concluído');
INSERT INTO tccs (id, titulo, professor_id, data_inicio, data_conclusao, nota, status) VALUES (19, 'Análise sobre Banco de Dados em Educação', 5, '2024-09-21', '2025-01-19', 7.2, 'Concluído');
INSERT INTO tccs (id, titulo, professor_id, data_inicio, data_conclusao, nota, status) VALUES (20, 'Análise sobre Sistemas em Educação', 7, '2024-07-03', '2024-10-21', 6.3, 'Concluído');
INSERT INTO tcc_aluno (tcc_id, aluno_id) VALUES (1, 2);
INSERT INTO tcc_aluno (tcc_id, aluno_id) VALUES (1, 15);
INSERT INTO tcc_aluno (tcc_id, aluno_id) VALUES (1, 38);
INSERT INTO tcc_aluno (tcc_id, aluno_id) VALUES (1, 50);
INSERT INTO tcc_aluno (tcc_id, aluno_id) VALUES (1, 33);
INSERT INTO tcc_aluno (tcc_id, aluno_id) VALUES (2, 3);
INSERT INTO tcc_aluno (tcc_id, aluno_id) VALUES (2, 44);
INSERT INTO tcc_aluno (tcc_id, aluno_id) VALUES (2, 18);
INSERT INTO tcc_aluno (tcc_id, aluno_id) VALUES (2, 4);
INSERT INTO tcc_aluno (tcc_id, aluno_id) VALUES (2, 24);
INSERT INTO tcc_aluno (tcc_id, aluno_id) VALUES (3, 8);
INSERT INTO tcc_aluno (tcc_id, aluno_id) VALUES (3, 46);
INSERT INTO tcc_aluno (tcc_id, aluno_id) VALUES (3, 31);
INSERT INTO tcc_aluno (tcc_id, aluno_id) VALUES (3, 12);
INSERT INTO tcc_aluno (tcc_id, aluno_id) VALUES (3, 35);
INSERT INTO tcc_aluno (tcc_id, aluno_id) VALUES (4, 19);
INSERT INTO tcc_aluno (tcc_id, aluno_id) VALUES (4, 43);
INSERT INTO tcc_aluno (tcc_id, aluno_id) VALUES (4, 6);
INSERT INTO tcc_aluno (tcc_id, aluno_id) VALUES (4, 23);
INSERT INTO tcc_aluno (tcc_id, aluno_id) VALUES (4, 49);
INSERT INTO tcc_aluno (tcc_id, aluno_id) VALUES (5, 48);
INSERT INTO tcc_aluno (tcc_id, aluno_id) VALUES (5, 37);
INSERT INTO tcc_aluno (tcc_id, aluno_id) VALUES (5, 11);
INSERT INTO tcc_aluno (tcc_id, aluno_id) VALUES (5, 10);
INSERT INTO tcc_aluno (tcc_id, aluno_id) VALUES (5, 5);
INSERT INTO tcc_aluno (tcc_id, aluno_id) VALUES (6, 45);
INSERT INTO tcc_aluno (tcc_id, aluno_id) VALUES (6, 21);
INSERT INTO tcc_aluno (tcc_id, aluno_id) VALUES (6, 28);
INSERT INTO tcc_aluno (tcc_id, aluno_id) VALUES (6, 42);
INSERT INTO tcc_aluno (tcc_id, aluno_id) VALUES (6, 27);
INSERT INTO tcc_aluno (tcc_id, aluno_id) VALUES (7, 14);
INSERT INTO tcc_aluno (tcc_id, aluno_id) VALUES (7, 34);
INSERT INTO tcc_aluno (tcc_id, aluno_id) VALUES (7, 29);
INSERT INTO tcc_aluno (tcc_id, aluno_id) VALUES (7, 36);
INSERT INTO tcc_aluno (tcc_id, aluno_id) VALUES (7, 25);
INSERT INTO tcc_aluno (tcc_id, aluno_id) VALUES (8, 22);
INSERT INTO tcc_aluno (tcc_id, aluno_id) VALUES (8, 26);
INSERT INTO tcc_aluno (tcc_id, aluno_id) VALUES (8, 1);
INSERT INTO tcc_aluno (tcc_id, aluno_id) VALUES (8, 20);
INSERT INTO tcc_aluno (tcc_id, aluno_id) VALUES (8, 9);
INSERT INTO tcc_aluno (tcc_id, aluno_id) VALUES (9, 7);
INSERT INTO tcc_aluno (tcc_id, aluno_id) VALUES (9, 30);
INSERT INTO tcc_aluno (tcc_id, aluno_id) VALUES (9, 13);
INSERT INTO tcc_aluno (tcc_id, aluno_id) VALUES (9, 40);
INSERT INTO tcc_aluno (tcc_id, aluno_id) VALUES (9, 39);
INSERT INTO tcc_aluno (tcc_id, aluno_id) VALUES (10, 32);
INSERT INTO tcc_aluno (tcc_id, aluno_id) VALUES (10, 41);
INSERT INTO tcc_aluno (tcc_id, aluno_id) VALUES (10, 47);
INSERT INTO tcc_aluno (tcc_id, aluno_id) VALUES (10, 16);
INSERT INTO tcc_aluno (tcc_id, aluno_id) VALUES (10, 17);
